;DS;DS;OF;OF;EF;EF;IoU;IoU;Sn;Sn;Sp;Sp;Acc;Acc;AO;AO;FPR;FPR;FNR;FNR;MA;MA;MAPE;MAPE;Rerr;Rerr;MAPE2;MAPE2;Rerr2;Rerr2;PSNR;PSNR;PSNR2;PSNR2;PSNR3;PSNR3
;biratu;saad;biratu;saad;biratu;saad;biratu;saad;biratu;saad;biratu;saad;biratu;saad;biratu;saad;biratu;saad;biratu;saad;biratu;saad;biratu;saad;biratu;saad;biratu;saad;biratu;saad;biratu;saad;biratu;saad;biratu;saad
layer: 74;0.060966542750929366;0.3054187192118227;1.0;0.18902439024390244;30.804878048780488;0.04878048780487805;0.03144171779141104;0.18023255813953487;1.0;0.18902439024390244;0.6632673465306939;0.9994667733120043;0.6669084195951738;0.9907035010219556;0.03144171779141104;0.18023255813953487;0.33673265346930614;0.0005332266879957342;0.0;0.8109756097560976;0.3330915804048263;0.009296498978044439;30.804878048780488;0.7621951219512195;0.3330915804048263;-0.008241577108195425;30.804878048780488;0.7621951219512195;0.08770833333333333;-0.002170138888888889;10.569591415399188;26.11203370767832;4.774363448829371;20.316805741108507;-44.093473913564445;-30.43025765503213
layer: 75;0.5559368565545642;0.32179226069246436;1.0;0.19506172839506172;1.5975308641975308;0.01728395061728395;0.3849809885931559;0.19174757281553398;1.0;0.19506172839506172;0.9564192375050519;0.9995284925232386;0.9575765523572225;0.9781653662054948;0.3849809885931559;0.19174757281553398;0.04358076249494813;0.0004715074767614172;0.0;0.8049382716049382;0.04242344764277752;0.021834633794505277;1.5975308641975308;0.7876543209876543;0.04242344764277752;-0.020916661202544096;1.5975308641975308;0.7876543209876543;0.01123263888888889;-0.0055381944444444445;19.495182027545116;22.379782499168922;13.723940404071119;16.60854087569492;-36.010803093611905;-34.57229453173896
layer: 76;0.7553041018387553;0.5910348644161594;;;0.6479400749063671;1.3838951310861423;0.6068181818181818;0.4194815396700707;;;0.9765646166350582;0.9499458141425088;0.9773826644005752;0.9516930317688587;0.6068181818181818;0.4194815396700707;0.02343538336494175;0.0500541858574912;;;0.022617335599424762;0.04830696823114133;0.6479400749063671;1.3838951310861423;0.022617335599424762;0.04830696823114133;0.6479400749063671;1.3838951310861423;0.006006944444444444;0.012829861111111111;22.213463846304357;18.917780450283864;16.45558557793497;13.159902181914479;-33.86740396189705;-36.83002713555058
layer: 77;0.8766937669376694;0.775435380384968;0.9969183359013868;0.6517719568567026;0.2773497688751926;0.029275808936825885;0.7804583835946924;0.6332335329341318;0.9969183359013868;0.6517719568567026;0.9877317339149401;0.9987050163576882;0.9881208798381307;0.9840088767051759;0.7804583835946924;0.6332335329341318;0.012268266085059978;0.0012949836423118866;0.0030816640986132513;0.34822804314329736;0.01187912016186933;0.0159911232948241;0.27426810477657937;0.3189522342064715;0.011618040597872201;-0.01351086743685138;0.27426810477657937;0.3189522342064715;0.0030902777777777777;-0.00359375;25.003510954381372;23.712563990586798;19.252157245901277;17.961210282106702;-31.625031961396036;-33.445962602704874
layer: 78;0.9526153846153846;0.8818791946308725;0.9772727272727273;0.8295454545454546;0.07449494949494949;0.05176767676767677;0.9095182138660399;0.7887154861944778;0.9772727272727273;0.8295454545454546;0.9959413909334801;0.9971796106486895;0.9949768412812316;0.9885184943571009;0.9095182138660399;0.7887154861944778;0.004058609066519915;0.002820389351310449;0.022727272727272728;0.17045454545454544;0.005023158718768348;0.01148150564289908;0.05176767676767677;0.11868686868686869;0.002674668928175354;-0.0061321677865483724;0.05176767676767677;0.11868686868686869;0.0007118055555555556;-0.0016319444444444445;28.7393175825073;25.149098156090623;22.990230990460567;19.400011564043886;-28.42936393899376;-31.783661105174296
layer: 79;0.9455470737913486;0.541033434650456;0.9677083333333333;0.37083333333333335;0.07916666666666666;0.0;0.8967181467181468;0.37083333333333335;0.9677083333333333;0.37083333333333335;0.9947086263315463;1.0;0.9930170332180382;0.9605821314364028;0.8967181467181468;0.37083333333333335;0.005291373668453666;0.0;0.03229166666666667;0.6291666666666667;0.006982966781961757;0.039417868563597205;0.046875;0.6291666666666667;0.00293676173073158;-0.039417868563597205;0.046875;0.6291666666666667;0.00078125;-0.010486111111111111;27.310387057380026;19.793855448020803;21.55960023896979;14.043068629610566;-28.918063073887584;-37.82134926355011
layer: 80;0.9141414141414141;0.6178956572427864;0.8513640639698965;0.9971777986829727;0.011288805268109126;1.2304797742238947;0.8418604651162791;0.44706874736398144;0.8513640639698965;0.9971777986829727;0.9991586032814472;0.9082877576777451;0.9889070146818923;0.9144535073409462;0.8418604651162791;0.44706874736398144;0.0008413967185527977;0.09171224232225494;0.14863593603010347;0.0028222013170272815;0.011092985318107667;0.08554649265905383;0.13734713076199437;1.2276575729068673;-0.009526916802610114;0.08515497553017945;0.13734713076199437;1.2276575729068673;-0.002534722222222222;0.02265625;25.299735620449383;16.42819791733128;19.549515618121788;10.677977915003684;-31.205640931010677;-38.38713544586328
layer: 81;0.9202772963604853;0.8777614138438881;0.8557614826752619;0.9605157131345688;0.0040290088638195;0.22804190169218372;0.8523274478330658;0.7821522309711286;0.8557614826752619;0.9605157131345688;0.9996447602131439;0.9798934280639432;0.9879864194306608;0.9783233220161922;0.8523274478330658;0.7821522309711286;0.00035523978685612787;0.02010657193605684;0.1442385173247381;0.0394842868654311;0.012013580569339252;0.021676677983807784;0.14020950846091862;0.18855761482675262;-0.011360668581875163;0.015278140506659703;0.14020950846091862;0.18855761482675262;-0.0030208333333333333;0.0040625;24.956046604136755;22.392843997191754;19.203275346661137;16.640072739716135;-31.116825993676883;-33.40727152230517
layer: 82;0.915940006975933;0.9120111731843575;0.8564905414220483;0.8519243313763861;0.0136986301369863;0.016307893020221786;0.8449163449163449;0.8382541720154044;0.8564905414220483;0.8519243313763861;0.9984736153510685;0.9981828754179387;0.9842390948924203;0.9835197174808711;0.8449163449163449;0.8382541720154044;0.0015263846489315307;0.0018171245820613462;0.14350945857795172;0.14807566862361382;0.01576090510757962;0.0164802825191289;0.12981082844096542;0.13176777560339203;-0.013014191354391472;-0.013210385193904911;0.12981082844096542;0.13176777560339203;-0.0034548611111111112;-0.0035069444444444445;23.784054408483435;23.59021942641668;18.024188457335022;17.830353475268264;-32.35033359945588;-32.571722271752066
layer: 83;0.9568717653824037;0.9268943436499466;0.9574223245109321;0.9994246260069045;0.04372842347525892;0.1570771001150748;0.9173098125689085;0.8637493784186971;0.9574223245109321;0.9994246260069045;0.9943811917787964;0.9798166494159397;0.9901729559748428;0.9820492662473794;0.9173098125689085;0.8637493784186971;0.005618808221203608;0.020183350584060327;0.04257767548906789;0.0005753739930955121;0.009827044025157232;0.017950733752620546;0.0011507479861910242;0.1565017261219793;0.0001310272536687631;0.01781970649895178;0.0011507479861910242;0.1565017261219793;3.472222222222222e-05;0.004722222222222222;25.84331224367531;23.22671920602824;20.075770983043387;17.45917794539632;-30.673324500234393;-32.850991163227874
layer: 84;0.9795025963377972;0.9690837549184935;0.9829950630828305;0.945693911135491;0.024136039495337356;0.006034009873834339;0.9598286020353508;0.9400218102508179;0.9829950630828305;0.945693911135491;0.9967132292522597;0.9991783073130649;0.995069033530572;0.9927679158448389;0.9598286020353508;0.9400218102508179;0.003286770747740345;0.0008216926869350862;0.017004936917169502;0.05430608886450905;0.004930966469428008;0.007232084155161078;0.007131102578167855;0.04827207899067471;0.0008547008547008547;-0.005785667324128862;0.007131102578167855;0.04827207899067471;0.00022569444444444443;-0.0015277777777777779;28.853612200315123;27.19029798264987;23.070679506612986;21.407365288947734;-27.853617092193716;-29.62035313238446
layer: 85;0.9803716304632295;0.7550016398819285;0.9868282402528978;0.6064278187565859;0.026343519494204427;0.0;0.9614989733059548;0.6064278187565859;0.9868282402528978;0.6064278187565859;0.996225845410628;1.0;0.9950481975439059;0.9506800475373036;0.9614989733059548;0.6064278187565859;0.0037741545893719805;0.0;0.013171759747102213;0.39357218124341414;0.004951802456094018;0.04931995246269642;0.013171759747102213;0.39357218124341414;0.001650600818698006;-0.04931995246269642;0.013171759747102213;0.39357218124341414;0.00043402777777777775;-0.01296875;28.853612200315123;18.871018816078134;23.05236689096894;13.069773506731952;-28.443051103710136;-39.727464690763256
layer: 86;0.9763659466327828;0.21187214611872146;0.9811031664964249;0.118488253319714;0.028600612870275793;0.0;0.9538232373386296;0.118488253319714;0.9811031664964249;0.118488253319714;0.9957326830755163;1.0;0.9938333001790333;0.8855513560108746;0.9538232373386296;0.118488253319714;0.004267316924483731;0.0;0.018896833503575076;0.881511746680286;0.006166699820966779;0.1144486439891254;0.009703779366700716;0.881511746680286;0.0012598634042835356;-0.1144486439891254;0.009703779366700716;0.881511746680286;0.0003298611111111111;-0.029965277777777778;27.91939534869277;15.233816920440212;22.099471913938025;9.41389348568547;-31.709760697192056;-44.842355515373136
layer: 87;0.9751098096632503;0.02099236641221374;0.9633558341369335;0.010607521697203472;0.01253616200578592;0.0;0.9514285714285714;0.010607521697203472;0.9633558341369335;0.010607521697203472;0.9979925880172946;1.0;0.9932117662717955;0.8634367097031812;0.9514285714285714;0.010607521697203472;0.002007411982705374;0.0;0.03664416586306654;0.9893924783027965;0.006788233728204446;0.13656329029681885;0.024108003857280617;0.9893924783027965;-0.003327565553041395;-0.13656329029681885;0.024108003857280617;0.9893924783027965;-0.0008680555555555555;-0.035625;27.518223116612944;14.482451269834334;21.682432127418213;8.646660280639601;-32.42925705812934;-46.120351573169586
layer: 88;0.9773817683344757;0.178168130489335;0.9820936639118457;0.09779614325068871;0.027548209366391185;0.0;0.9557640750670241;0.09779614325068871;0.9820936639118457;0.09779614325068871;0.9953007518796992;1.0;0.9933761541549578;0.8685266961059815;0.9557640750670241;0.09779614325068871;0.004699248120300752;0.0;0.01790633608815427;0.9022038567493113;0.0066238458450421514;0.13147330389401846;0.009641873278236915;0.9022038567493113;0.0014050582095543958;-0.13147330389401846;0.009641873278236915;0.9022038567493113;0.00036458333333333335;-0.03411458333333333;27.64787288825662;14.670599287117664;21.788897833226002;8.811624232087047;-32.04481005137669;-45.4142120215926
layer: 89;0.9359118506858556;0.2767662053896577;0.8795435333896873;0.16060862214708369;;;0.8795435333896873;0.16060862214708369;0.8795435333896873;0.16060862214708369;;;0.9808364712210866;0.8664604626143088;0.8795435333896873;0.16060862214708369;;;0.12045646661031277;0.8393913778529163;0.019163528778913395;0.13353953738569124;0.12045646661031277;0.8393913778529163;-0.019163528778913395;-0.13353953738569124;0.12045646661031277;0.8393913778529163;-0.0049479166666666664;-0.034479166666666665;23.055776234147018;14.624432392638498;17.17524516755332;8.743901326044798;-33.884328089886324;-45.084498154775304
layer: 90;0.8793636765355722;0.1529497450837582;0.7847003154574133;0.08280757097791798;;;0.7847003154574133;0.08280757097791798;0.7847003154574133;0.08280757097791798;;;0.9630756745790221;0.8426996686278488;0.7847003154574133;0.08280757097791798;;;0.21529968454258674;0.917192429022082;0.036924325420977885;0.15730033137215121;0.21529968454258674;0.917192429022082;-0.036924325420977885;-0.15730033137215121;0.21529968454258674;0.917192429022082;-0.009479166666666667;-0.04038194444444444;20.23229840718475;13.938127730307826;14.326874301696495;8.03270362481957;-37.01515007338212;-45.9357055436821
layer: 91;0.8156671830050897;0.693678301195997;0.6887144992526159;0.53101644245142;;;0.6887144992526159;0.53101644245142;0.6887144992526159;0.53101644245142;;;0.9433603046168492;0.9146664853471136;0.6887144992526159;0.53101644245142;;;0.31128550074738415;0.46898355754857995;0.05663969538315088;0.08533351465288638;0.31128550074738415;0.46898355754857995;-0.05663969538315088;-0.08533351465288638;0.31128550074738415;0.46898355754857995;-0.014461805555555556;-0.021788194444444443;18.397774820164244;16.617787576061552;12.468790910134217;10.688803666031525;-39.447865157841534;-41.79711119676639
layer: 92;0.7437344773086475;0.43663950547906716;0.592020129403307;0.27929547088425594;;;0.592020129403307;0.27929547088425594;0.592020129403307;0.27929547088425594;;;0.9223081661989184;0.8627558354439044;0.592020129403307;0.27929547088425594;;;0.40797987059669305;0.7207045291157441;0.07769183380108152;0.13724416455609556;0.40797987059669305;0.7207045291157441;-0.07769183380108152;-0.13724416455609556;0.40797987059669305;0.7207045291157441;-0.01970486111111111;-0.03480902777777778;17.054266218940704;14.58308106467011;11.096246275505692;8.625061121235099;-41.28682258349845;-44.558777015494
layer: 93;0.8015107007973143;0.03238029624526352;0.6687675070028011;0.016456582633053222;;;0.6687675070028011;0.016456582633053222;0.6687675070028011;0.016456582633053222;;;0.9346820410136022;0.8060484706207277;0.6687675070028011;0.016456582633053222;;;0.33123249299719887;0.9835434173669467;0.06531795898639785;0.19395152937927226;0.33123249299719887;0.9835434173669467;-0.06531795898639785;-0.19395152937927226;0.33123249299719887;0.9835434173669467;-0.01642361111111111;-0.04876736111111111;17.845313470214194;13.11870744221634;11.849673942781987;7.123067914784134;-40.35637528054202;-47.16653715146663
layer: 94;0.8930197268588771;0.7031111111111111;0.8067169294037012;0.5421521590130226;;;0.8067169294037012;0.5421521590130226;0.8067169294037012;0.5421521590130226;;;0.9607242339832869;0.9069637883008357;0.8067169294037012;0.5421521590130226;;;0.19328307059629884;0.4578478409869774;0.03927576601671309;0.09303621169916435;0.19328307059629884;0.4578478409869774;-0.03927576601671309;-0.09303621169916435;0.19328307059629884;0.4578478409869774;-0.009791666666666667;-0.023194444444444445;20.091433794398696;16.346160252836853;14.058753359229392;10.313479817667549;-37.45097106275287;-42.19433674936484
layer: 95;0.9016212232866617;0.06992554224668178;0.8208654813820866;0.03622945320362295;;;0.8208654813820866;0.03622945320362295;0.8208654813820866;0.03622945320362295;;;0.9625236858726928;0.7983718155660047;0.8208654813820866;0.03622945320362295;;;0.17913451861791346;0.9637705467963771;0.03747631412730718;0.20162818443399536;0.17913451861791346;0.9637705467963771;-0.03747631412730718;-0.20162818443399536;0.17913451861791346;0.9637705467963771;-0.009270833333333334;-0.04987847222222222;20.328812263946556;13.020868574312647;14.262431294408133;6.954487604774223;-36.969464312822346;-46.92829276169328
layer: 96;0.9098434407054166;0.2546816479400749;0.8345988775173324;0.1459227467811159;;;0.8345988775173324;0.1459227467811159;0.8345988775173324;0.1459227467811159;;;0.9643492492706184;0.8159111933395005;0.8345988775173324;0.1459227467811159;;;0.16540112248266756;0.8540772532188842;0.035650750729381626;0.18408880666049954;0.16540112248266756;0.8540772532188842;-0.035650750729381626;-0.18408880666049954;0.16540112248266756;0.8540772532188842;-0.008697916666666666;-0.04491319444444444;20.605847575559665;13.476260547066687;14.479313203929014;7.349726175436038;-36.53748468292687;-45.75347037488888
layer: 97;0.9125731512679554;0.0019550342130987292;0.8392041748206132;0.0009784735812133072;;;0.8392041748206132;0.0009784735812133072;0.8392041748206132;0.0009784735812133072;;;0.9647403804892004;0.7809326276641396;0.8392041748206132;0.0009784735812133072;;;0.16079582517938681;0.9990215264187867;0.035259619510799596;0.2190673723358604;0.16079582517938681;0.9990215264187867;-0.035259619510799596;-0.2190673723358604;0.16079582517938681;0.9990215264187867;-0.008559027777777778;-0.05317708333333333;20.675755641459823;12.742754866166393;14.527223785157592;6.594223009864164;-36.42203618607222;-47.02994593122401
layer: 98;0.9369338574602633;0.1366087477531456;0.8813504823151126;0.07331189710610933;;;0.8813504823151126;0.07331189710610933;0.8813504823151126;0.07331189710610933;;;0.9733227299016772;0.7916425679583574;0.8813504823151126;0.07331189710610933;;;0.11864951768488746;0.9266881028938907;0.02667727009832273;0.20835743204164256;0.11864951768488746;0.9266881028938907;-0.02667727009832273;-0.20835743204164256;0.11864951768488746;0.9266881028938907;-0.00640625;-0.050034722222222223;21.933961172641517;13.007285069452417;15.738586141068058;6.811910037878956;-34.89697076720844;-46.17936358532496
layer: 99;0.9183040330920372;0.03936269915651359;0.8489483747609943;0.020076481835564052;;;0.8489483747609943;0.020076481835564052;0.8489483747609943;0.020076481835564052;;;0.9653052261747914;0.7749231444883619;0.8489483747609943;0.020076481835564052;;;0.15105162523900573;0.9799235181644359;0.03469477382520861;0.2250768555116381;0.15105162523900573;0.9799235181644359;-0.03469477382520861;-0.2250768555116381;0.15105162523900573;0.9799235181644359;-0.008229166666666666;-0.053385416666666664;20.84644141749127;12.725773633117765;14.597359393247014;6.47669160887351;-35.888909003830875;-46.56289180396753
layer: 100;0.9505412156536219;0.8284054910242872;0.9092067537432303;0.9996814272061166;0.003822873526600828;0.41382605925453964;0.9057442081878768;0.7070752591257323;0.9092067537432303;0.9996814272061166;0.998841139546113;0.874553355866731;0.9779902178746109;0.9036608863198459;0.9057442081878768;0.7070752591257323;0.0011588604538870111;0.12544664413326895;0.09079324625676967;0.00031857279388340236;0.022009782125389062;0.09633911368015415;0.08697037273016885;0.41350748646065627;-0.02023121387283237;0.09619089965910775;0.08697037273016885;0.41350748646065627;-0.0047395833333333335;0.022534722222222223;22.876660341059996;16.464791311163754;16.573842565020634;10.161973535124389;-33.31926003050794;-38.576156373565
layer: 101;0.9490718705378391;0.9206589088710896;0.9704737183646982;0.9883192731992213;0.07462686567164178;0.15866320571057754;0.9030797101449275;0.852982357882946;0.9704737183646982;0.9883192731992213;0.9775741029641186;0.952320592823713;0.9759334233018444;0.9606387764282501;0.9030797101449275;0.852982357882946;0.022425897035881437;0.047679407176287054;0.029526281635301754;0.011680726800778715;0.024066576698155647;0.039361223571749884;0.04510058403634004;0.14698247890979882;0.010421352526615685;0.03396311291048133;0.04510058403634004;0.14698247890979882;0.0024131944444444444;0.007864583333333333;22.5391745101834;20.402631800172554;16.185856806777622;14.049314096766775;-33.541582398603865;-35.29912762908255
layer: 102;0.9422608695652174;0.8530411786928599;0.892292490118577;0.7437417654808959;0.0016469038208168643;0.0;0.8908253863860572;0.7437417654808959;0.892292490118577;0.7437417654808959;0.9995057334914986;1.0;0.9747566909975669;0.940845498783455;0.8908253863860572;0.7437417654808959;0.0004942665085013839;0.0;0.10770750988142293;0.25625823451910407;0.02524330900243309;0.05915450121654501;0.10606060606060606;0.25625823451910407;-0.024482968369829685;-0.05915450121654501;0.10606060606060606;0.25625823451910407;-0.005590277777777777;-0.013506944444444445;22.392843997191754;18.69442886433523;15.978537164919388;12.280122032062863;-33.535770822911466;-37.800767830122346
layer: 103;0.9503184713375796;0.4755489021956088;0.976759410801964;0.3119476268412439;0.07888707037643208;0.0;0.9053398058252428;0.3119476268412439;0.976759410801964;0.3119476268412439;0.9757252215954875;1.0;0.9759685742894555;0.8380959716552415;0.9053398058252428;0.3119476268412439;0.02427477840451249;0.0;0.023240589198036007;0.6880523731587561;0.02403142571054456;0.16190402834475853;0.05564648117839607;0.6880523731587561;0.013094046060232612;-0.16190402834475853;0.05564648117839607;0.6880523731587561;0.002951388888888889;-0.036493055555555556;22.662678894047694;14.377897717309887;16.192204630764593;7.907423454026788;-33.25535265831072;-43.337772711360934
layer: 104;0.9585089141004862;0.09907120743034056;0.9631921824104235;0.05211726384364821;0.04657980456026058;0.0;0.9203236850295674;0.05211726384364821;0.9631921824104235;0.05211726384364821;0.9852895792613928;1.0;0.9799859276053475;0.7724962864514111;0.9203236850295674;0.05211726384364821;0.014710420738607139;0.0;0.03680781758957655;0.9478827361563518;0.02001407239465249;0.22750371354858887;0.009771986970684038;0.9478827361563518;0.0023453991087483386;-0.22750371354858887;0.009771986970684038;0.9478827361563518;0.0005208333333333333;-0.050520833333333334;23.521825181113627;12.965294944373047;16.98664533623794;6.430115099497361;-32.30322080498915;-45.65231352211796
layer: 105;0.9606454799934134;0.05945604048070841;0.9507822685788787;0.030638852672750978;0.028683181225554105;0.0;0.9242712294043093;0.030638852672750978;0.9507822685788787;0.030638852672750978;0.9907358669333614;1.0;0.980981936818652;0.763348452295695;0.9242712294043093;0.030638852672750978;0.009264133066638593;0.0;0.04921773142112125;0.969361147327249;0.019018063181347977;0.23665154770430494;0.020534550195567144;0.969361147327249;-0.00501312962520888;-0.23665154770430494;0.020534550195567144;0.969361147327249;-0.00109375;-0.051631944444444446;23.820245824750742;12.870815192372767;17.20833714132744;6.258906508949464;-31.971613412320956;-45.75760246965859
layer: 106;0.9517126148705096;0.276577840112202;0.9270833333333334;0.16048177083333334;0.021158854166666668;0.0;0.9078737647433854;0.16048177083333334;0.9270833333333334;0.16048177083333334;0.9929661292067958;1.0;0.9765288719239827;0.7905465767887598;0.9078737647433854;0.16048177083333334;0.007033870793204199;0.0;0.07291666666666667;0.8395182291666666;0.023471128076017218;0.20945342321124016;0.0517578125;0.8395182291666666;-0.012913181190611548;-0.20945342321124016;0.0517578125;0.8395182291666666;-0.0027604166666666667;-0.04477430555555555;22.99524640666664;13.489711412852746;16.294660367151703;6.789125373337805;-32.845044686373406;-44.56181627529931
layer: 107;0.9368816103718868;0.5835838150289018;0.8965066927848514;0.4120143650016324;0.017303297420829252;0.0;0.8812580231065469;0.4120143650016324;0.8965066927848514;0.4120143650016324;0.9940940494762648;1.0;0.9692614438813658;0.8503780011630805;0.8812580231065469;0.4120143650016324;0.005905950523735235;0.0;0.10349330721514854;0.5879856349983676;0.03073855611863421;0.1496219988369195;0.08619000979431929;0.5879856349983676;-0.021932375176539006;-0.1496219988369195;0.08619000979431929;0.5879856349983676;-0.004583333333333333;-0.031267361111111114;21.92220759356217;15.049087706036788;15.123165364601228;8.250045477075844;-33.927711424267535;-42.0750331913979
layer: 108;0.9404580152671755;0.881834862385321;0.9194029850746268;0.7970149253731343;0.03582089552238806;0.010613598673300166;0.8876080691642652;0.7886445684279619;0.9194029850746268;0.7970149253731343;0.9876698253225255;0.9963466149103779;0.9701885510446747;0.9453032104637337;0.8876080691642652;0.7886445684279619;0.012330174677474598;0.003653385089622103;0.08059701492537313;0.20298507462686566;0.029811448955325292;0.054696789536266346;0.04477611940298507;0.19237147595356552;-0.011465941905894344;-0.04926108374384237;0.04477611940298507;0.19237147595356552;-0.00234375;-0.010069444444444445;22.15115366957388;19.515366160634;15.256169150103263;12.62038164116338;-33.626590763026876;-36.60388008582046
layer: 109;0.9409814323607427;0.003365870077415012;0.956844234659474;0.0016857720836142953;0.07687120701281187;0.0;0.8885410144020037;0.0016857720836142953;0.956844234659474;0.0016857720836142953;0.9733489187609585;1.0;0.9690999045221769;0.7429910598038365;0.8885410144020037;0.0016857720836142953;0.026651081239041495;0.0;0.04315576534052596;0.9983142279163857;0.030900095477823106;0.25700894019616355;0.033715441672285906;0.9983142279163857;0.008679802100512108;-0.25700894019616355;0.033715441672285906;0.9983142279163857;0.001736111111111111;-0.05140625;22.08972485450337;12.889840760339128;15.100401786519402;5.900517692355161;-33.69924150593705;-45.66461965735339
layer: 110;0.9229400249154653;0.5617507136060894;0.8751265609179886;0.99628754640567;0.021262234222072223;1.5507931150860614;0.856906807666887;0.39057951839110877;0.8751265609179886;0.99628754640567;0.9924087239426437;0.446318833594409;0.9615521221807849;0.5910140294796661;0.856906807666887;0.39057951839110877;0.007591276057356308;0.5536811664055911;0.12487343908201147;0.003712453594330071;0.03844787781921506;0.40898597052033386;0.10361120485993926;1.5470806614917314;-0.027259811756348784;0.4070324986680874;0.10361120485993926;1.5470806614917314;-0.005329861111111111;0.07958333333333334;21.239345870698468;10.970985497949997;14.151276266516245;3.882915893767777;-34.59663153696253;-43.25242430294422
layer: 111;0.9155283968368081;0.3995674506623412;0.860472972972973;0.24966216216216217;0.019256756756756758;0.0;0.8442161087172688;0.24966216216216217;0.860472972972973;0.24966216216216217;0.9929341762737077;1.0;0.9573773465131042;0.7985852906502222;0.8442161087172688;0.24966216216216217;0.007065823726292302;0.0;0.13952702702702702;0.7503378378378378;0.0426226534868958;0.20141470934977782;0.12027027027027028;0.7503378378378378;-0.032284392853904054;-0.20141470934977782;0.12027027027027028;0.7503378378378378;-0.0061805555555555555;-0.038559027777777775;20.883246254874948;14.138739248747381;13.703595166386036;6.95908816025847;-34.95048479623529;-43.35801509952183
layer: 112;0.9126108196128099;0.40907862739800055;0.8566576086956522;0.257133152173913;0.020720108695652172;0.0;0.8392678868552412;0.257133152173913;0.8566576086956522;0.257133152173913;0.9921944977607166;1.0;0.9551073519843851;0.7967283204758806;0.8392678868552412;0.257133152173913;0.00780550223928343;0.0;0.14334239130434784;0.7428668478260869;0.044892648015614836;0.20327167952411934;0.12262228260869565;0.7428668478260869;-0.03355330421042848;-0.20327167952411934;0.12262228260869565;0.7428668478260869;-0.006267361111111111;-0.03796875;20.764753526717;14.205737003855749;13.478247767624898;6.919231244763648;-35.09332490893313;-43.20865755371493
layer: 113;0.9379574764726385;0.6461609620721555;0.9193713700034165;0.4772804919713017;0.040997608472839085;0.0;0.8831637676403019;0.4772804919713017;0.9193713700034165;0.4772804919713017;0.9841290834545695;1.0;0.9660564454614798;0.8541189931350115;0.8831637676403019;0.4772804919713017;0.015870916545430498;0.0;0.08062862999658353;0.5227195080286984;0.033943554538520215;0.14588100686498856;0.039631021523744446;0.5227195080286984;-0.011060259344012205;-0.14588100686498856;0.039631021523744446;0.5227195080286984;-0.002013888888888889;-0.0265625;22.08972485450337;15.757310526056132;14.692426807091527;8.360012478644292;-33.63353350888813;-40.95711474190888
layer: 114;0.9448711384195255;0.5956722586919524;0.9584487534626038;0.42416897506925205;0.07029085872576177;0.0;0.8955030734390165;0.42416897506925205;0.9584487534626038;0.42416897506925205;0.9721574543958305;1.0;0.9682680027507614;0.8366244228313194;0.8955030734390165;0.42416897506925205;0.027842545604169523;0.0;0.04155124653739612;0.5758310249307479;0.03173199724923863;0.16337557716868062;0.02873961218836565;0.5758310249307479;0.008154042636801258;-0.16337557716868062;0.02873961218836565;0.5758310249307479;0.0014409722222222222;-0.028871527777777777;22.512199610921094;15.395302342036928;14.985025920336772;7.86812865145261;-33.26237574560934;-41.44845610470429
layer: 115;0.941711590296496;0.4291962821213778;0.9728506787330317;0.2732335537765402;0.09328228332753219;0.0;0.8898439987265202;0.2732335537765402;0.9728506787330317;0.2732335537765402;0.9614443964897137;1.0;0.9647801302931596;0.7874592833876222;0.8898439987265202;0.2732335537765402;0.03855560351028629;0.0;0.027149321266968326;0.7267664462234598;0.03521986970684039;0.21254071661237786;0.06613296206056388;0.7267664462234598;0.01934039087947883;-0.21254071661237786;0.06613296206056388;0.7267664462234598;0.003298611111111111;-0.03625;22.213463846304357;14.406919890929874;14.532122550043159;6.725578594668678;-33.54868226163754;-42.80446495057085
layer: 116;0.9290563475899525;0.018498754891497687;0.9827648114901256;0.00933572710951526;0.13285457809694792;0.0;0.8675118858954041;0.00933572710951526;0.9827648114901256;0.00933572710951526;0.9449895926256319;1.0;0.9560508884449584;0.7099148354536852;0.8675118858954041;0.00933572710951526;0.055010407374368124;0.0;0.017235188509874325;0.9906642728904848;0.04394911155504153;0.2900851645463148;0.11561938958707361;0.9906642728904848;0.03385553569551046;-0.2900851645463148;0.11561938958707361;0.9906642728904848;0.005590277777777777;-0.047899305555555556;21.39246201648177;13.196707829440266;13.570498998994907;5.374744811953405;-34.35950389752676;-44.84964617632262
layer: 117;0.9344887348353553;0.9346610761705101;0.9810771470160117;0.9734352256186317;0.11863173216885008;0.10953420669577875;0.8770331815224464;0.8773368317481142;0.9810771470160117;0.9734352256186317;0.9490386118493044;0.9529466937627012;0.9586659376708584;0.9591033351558228;0.8770331815224464;0.8773368317481142;0.05096138815069564;0.04705330623729873;0.018922852983988356;0.026564774381368266;0.04133406232914161;0.040896664844177144;0.09970887918486172;0.08296943231441048;0.02996172772006561;0.024931656642974302;0.09970887918486172;0.08296943231441048;0.004756944444444445;0.003958333333333334;21.829306835859867;21.87550881222732;13.836919099752103;13.883121076119556;-33.73808455622081;-33.720525804941445
layer: 118;0.9374660141381186;0.7232121644095985;0.9624116114625977;0.5664309639002605;0.09080759211016003;0.0;0.8822927328556807;0.5664309639002605;0.9624116114625977;0.5664309639002605;0.9603638726445743;1.0;0.9609860906932036;0.8682573787176298;0.8822927328556807;0.5664309639002605;0.0396361273554256;0.0;0.03758838853740231;0.4335690360997395;0.03901390930679634;0.13174262128237024;0.05321920357275772;0.4335690360997395;0.01617098269817935;-0.13174262128237024;0.05321920357275772;0.4335690360997395;0.002482638888888889;-0.020225694444444445;22.22603388349938;16.940965580611742;14.087805299418585;8.80273699653095;-33.23006140244641;-39.2466425623395
layer: 119;0.9276059988890946;0.6496294403271148;0.9481453444360333;0.4810749432248297;0.09613928841786526;0.0;0.8649861878453039;0.4810749432248297;0.9481453444360333;0.4810749432248297;0.9570219966159053;1.0;0.9542797006548176;0.8396866230121609;0.8649861878453039;0.4810749432248297;0.04297800338409476;0.0;0.05185465556396669;0.5189250567751703;0.045720299345182416;0.1603133769878391;0.04428463285389856;0.5189250567751703;0.013681010289990645;-0.1603133769878391;0.04428463285389856;0.5189250567751703;0.00203125;-0.023802083333333335;21.682457260273452;16.233850286336992;13.398909348048548;7.9503023741120895;-33.52769975724125;-39.99653733109969
layer: 120;0.918969033932876;0.6343497524107375;0.9458015267175572;0.46450381679389313;0.11259541984732824;0.0;0.8500857632933104;0.46450381679389313;0.9458015267175572;0.46450381679389313;0.94699964067553;1.0;0.9466161739555339;0.8286098216467139;0.8500857632933104;0.46450381679389313;0.053000359324469996;0.0;0.05419847328244275;0.5354961832061069;0.05338382604446616;0.1713901783532861;0.0583969465648855;0.5354961832061069;0.018690447104813095;-0.1713901783532861;0.0583969465648855;0.5354961832061069;0.00265625;-0.02435763888888889;21.199410464527904;16.13364812394852;12.725903033388288;7.660140692808909;-33.76464459715883;-39.965792581085026
layer: 121;0.9100569259962049;0.0030959752321981426;0.9294573643410853;0.0015503875968992248;0.11317829457364341;0.0;0.834958217270195;0.0015503875968992248;0.9294573643410853;0.0015503875968992248;0.9446445497630331;1.0;0.9396562698917886;0.6720560152768937;0.834958217270195;0.0015503875968992248;0.05535545023696682;0.0;0.07054263565891473;0.9984496124031008;0.06034373010821133;0.3279439847231063;0.04263565891472868;0.9984496124031008;0.014003819223424571;-0.3279439847231063;0.04263565891472868;0.9984496124031008;0.0019097222222222222;-0.04472222222222222;20.84644141749127;13.494766247354375;12.19367847701907;4.842003306882177;-33.97026459930742;-43.76906640649132
layer: 122;0.908460204278281;0.0015885623510722795;0.9368044515103339;0.000794912559618442;0.12559618441971382;0.0;0.832274011299435;0.000794912559618442;0.9368044515103339;0.000794912559618442;0.9365461847389558;1.0;0.936632870864461;0.6646211312700107;0.832274011299435;0.000794912559618442;0.06345381526104418;0.0;0.06319554848966613;0.9992050874403816;0.06336712913553895;0.33537886872998934;0.062400635930047695;0.9992050874403816;0.02094450373532551;-0.33537886872998934;0.062400635930047695;0.9992050874403816;0.0027256944444444446;-0.043645833333333335;20.837288737983457;13.60057210073273;11.981359682548554;4.7446430452978285;-33.9643895874919;-43.53963698098931
layer: 123;0.9009159034138218;0.12411626080125687;0.9061976549413735;0.0661641541038526;0.10552763819095477;0.0;0.8196969696969697;0.0661641541038526;0.9061976549413735;0.0661641541038526;0.9433198380566802;1.0;0.9303482587064676;0.6736903716710565;0.8196969696969697;0.0661641541038526;0.05668016194331984;0.0;0.09380234505862646;0.9338358458961474;0.06965174129353234;0.3263096283289435;0.011725293132328308;0.9338358458961474;0.004097161252560726;-0.3263096283289435;0.011725293132328308;0.9338358458961474;0.0004861111111111111;-0.03871527777777778;20.82815530702719;14.121176203750514;11.57068021742251;4.863701114145834;-34.05159258898348;-42.65819478572568
layer: 124;0.8940886699507389;0.653857522908661;0.9594713656387666;0.48722466960352423;0.186784140969163;0.0030837004405286344;0.8084632516703786;0.4857268335529205;0.9594713656387666;0.48722466960352423;0.9034828135670385;0.9984065558843614;0.9225574065736155;0.8242533393366351;0.8084632516703786;0.4857268335529205;0.09651718643296153;0.0015934441156385158;0.04052863436123348;0.5127753303964758;0.07744259342638452;0.17574666066336486;0.14625550660792952;0.5096916299559472;0.049827405072790036;-0.17364550502776527;0.14625550660792952;0.5096916299559472;0.005763888888888889;-0.020086805555555556;20.477727817960005;16.91865588350849;11.11020111640925;7.551129181957732;-34.21335255062641;-38.55090829119801
layer: 125;0.8813633384312869;0.5950359242325277;0.9385760818985575;0.4239181014425314;0.19125174499767333;0.0009306654257794323;0.787890625;0.4235239423523942;0.9385760818985575;0.4239181014425314;0.9022824536376605;0.9995244888254874;0.9145554681353265;0.8048780487804879;0.787890625;0.4235239423523942;0.09771754636233952;0.00047551117451260106;0.06142391810144253;0.5760818985574686;0.08544453186467349;0.1951219512195122;0.1298278268962308;0.5751512331316891;0.04390243902439024;-0.194492525570417;0.1298278268962308;0.5751512331316891;0.00484375;-0.021458333333333333;20.25622653834365;16.670007982609768;10.683157253011801;7.096938697277919;-34.132756514292325;-38.721070254078825
layer: 126;0.8709677419354839;0.31329381879762913;0.8810240963855421;0.1857429718875502;0.14206827309236947;0.0;0.7714285714285715;0.1857429718875502;0.8810240963855421;0.1857429718875502;0.9298984394352242;1.0;0.9137502073312324;0.7309669928678056;0.7714285714285715;0.1857429718875502;0.07010156056477583;0.0;0.11897590361445783;0.8142570281124498;0.08624979266876762;0.2690330071321944;0.023092369477911646;0.8142570281124498;0.007629789351467905;-0.2690330071321944;0.023092369477911646;0.8142570281124498;0.0007986111111111112;-0.02815972222222222;20.44419139788413;15.503716335480748;10.642419402305535;5.701944339902154;-33.678705919336224;-40.35124321912395
layer: 127;0.8674133889033603;0.6193453475542479;0.8875266524520256;0.4488272921108742;0.15884861407249468;0.0005330490405117271;0.765869365225391;0.4485881726158764;0.8875266524520256;0.4488272921108742;0.9194159004867496;0.9997295835586804;0.9086831718693936;0.8143164693218514;0.765869365225391;0.4485881726158764;0.0805840995132504;0.00027041644131963225;0.11247334754797442;0.5511727078891258;0.09131682813060639;0.18568353067814855;0.04637526652452026;0.5506396588486141;0.015608180839612486;-0.18532472192321492;0.04637526652452026;0.5506396588486141;0.0015104166666666666;-0.017934027777777778;20.53704701086453;17.454821336302754;10.394491820405268;7.312266145843489;-33.34594032899012;-37.54141128213441
layer: 128;0.8567508232711306;0.07238307349665925;0.901790872328134;0.03755054881571346;0.20335066435586366;0.0;0.7493999039846375;0.03755054881571346;0.901790872328134;0.03755054881571346;0.8995433789954338;1.0;0.9002865329512894;0.6817574021012417;0.7493999039846375;0.03755054881571346;0.1004566210045662;0.0;0.09820912767186597;0.9624494511842865;0.0997134670487106;0.31824259789875836;0.10514153668399769;0.9624494511842865;0.03476599808978032;-0.31824259789875836;0.10514153668399769;0.9624494511842865;0.003159722222222222;-0.028923611111111112;20.427519804209496;15.387474863524433;10.01246183012599;4.9724168894409235;-33.38133029714716;-40.512520607497706
layer: 129;0.8527180783817951;0.08948004836759371;0.8537974683544304;0.04683544303797468;0.14873417721518986;0.0;0.7432506887052341;0.04683544303797468;0.8537974683544304;0.04683544303797468;0.9264245460237946;1.0;0.9023879346459992;0.6845412651864264;0.7432506887052341;0.04683544303797468;0.07357545397620538;0.0;0.14620253164556962;0.9531645569620253;0.09761206535400084;0.3154587348135735;0.002531645569620253;0.9531645569620253;0.0008378718056137411;-0.3154587348135735;0.002531645569620253;0.9531645569620253;6.944444444444444e-05;-0.026145833333333333;20.920365667332117;15.825975115585303;10.104964979807356;5.01057442806054;-33.02838393329593;-39.92321405571156
layer: 130;0.866620594333103;0.7146666666666667;0.8775367389783065;0.562631210636809;0.14765570328901328;0.011896431070678797;0.7646341463414634;0.5560165975103735;0.8775367389783065;0.562631210636809;0.9279863481228668;0.99419795221843;0.9114475797201192;0.8527185134205093;0.7646341463414634;0.5560165975103735;0.0720136518771331;0.005802047781569966;0.1224632610216935;0.43736878936319107;0.08855242027988071;0.14728148657949072;0.025192442267319804;0.42547235829251223;0.008258774948382657;-0.13948153246157374;0.025192442267319804;0.42547235829251223;0.000625;-0.010555555555555556;21.73835178751457;19.528874553543588;10.527995643459288;8.318518409488307;-32.42872626988868;-35.225057727232375
layer: 131;0.8747770246164823;0.0031128404669260703;0.9555728760717069;0.001558846453624318;0.22915042868277474;0.0;0.777425491439442;0.001558846453624318;0.9555728760717069;0.001558846453624318;0.889348889725254;1.0;0.9109137055837564;0.6748730964467005;0.777425491439442;0.001558846453624318;0.11065111027474596;0.0;0.044427123928293066;0.9984411535463756;0.08908629441624366;0.3251269035532995;0.18472330475448168;0.9984411535463756;0.06015228426395939;-0.3251269035532995;0.18472330475448168;0.9984411535463756;0.004114583333333333;-0.022239583333333333;22.15115366957388;16.528733536785257;10.5018910535975;4.8794709208088785;-32.4598568743983;-39.1578545339842
layer: 132;0.8115606936416185;0.08465608465608465;0.9696132596685083;0.04419889502762431;0.4198895027624309;0.0;0.6828793774319066;0.04419889502762431;0.9696132596685083;0.04419889502762431;0.8096033402922755;1.0;0.8595231255386383;0.7018098247629991;0.6828793774319066;0.04419889502762431;0.19039665970772443;0.0;0.03038674033149171;0.9558011049723757;0.14047687446136167;0.29819017523700087;0.38950276243093923;0.9558011049723757;0.12151680551565643;-0.29819017523700087;0.38950276243093923;0.9558011049723757;0.00734375;-0.018020833333333333;20.71113624299592;17.44225129910773;8.523951641606683;5.255066697718494;-33.9294498949454;-37.75651439196465
layer: 133;0.7540983606557377;0.040992448759439054;0.9625550660792952;0.02092511013215859;0.5903083700440529;0.0;0.6052631578947368;0.02092511013215859;0.9625550660792952;0.02092511013215859;0.7574660633484163;1.0;0.8171905067350866;0.7148813341885825;0.6052631578947368;0.02092511013215859;0.2425339366515837;0.0;0.037444933920704845;0.9790748898678414;0.18280949326491341;0.2851186658114176;0.552863436123348;0.9790748898678414;0.16100064143681847;-0.2851186658114176;0.552863436123348;0.9790748898678414;0.008715277777777778;-0.015434027777777777;20.04547627750721;18.115207224529982;7.380012551803315;5.449743498826091;-34.381702325865035;-36.57870781287157
layer: 134;0.7193515704154002;0.6153081510934394;0.962059620596206;0.8387533875338753;0.7127371273712737;0.8875338753387534;0.5617088607594937;0.4443646805455851;0.962059620596206;0.8387533875338753;0.7336708860759493;0.6683544303797468;0.7957980095834869;0.7147069664577957;0.5617088607594937;0.4443646805455851;0.2663291139240506;0.33164556962025316;0.037940379403794036;0.16124661246612465;0.20420199041651307;0.2852930335422042;0.6747967479674797;0.7262872628726287;0.183560633984519;0.19756726870622926;0.6747967479674797;0.7262872628726287;0.008645833333333333;0.009305555555555555;20.169127186947826;18.716815227403195;6.8994002903316645;5.447088330787036;-33.66667651422074;-35.012117155160915
layer: 135;0.6335493160547156;0.4240102171136654;0.8255159474671669;0.31144465290806755;0.7804878048780488;0.1575984990619137;0.4636459430979979;0.26904376012965964;0.8255159474671669;0.31144465290806755;0.772801747678864;0.9541234298197706;0.7846869712351946;0.8092216582064298;0.4636459430979979;0.26904376012965964;0.227198252321136;0.045876570180229385;0.17448405253283303;0.6885553470919324;0.2153130287648054;0.19077834179357023;0.6060037523452158;0.5309568480300187;0.13663282571912014;-0.11971235194585449;0.6060037523452158;0.5309568480300187;0.005607638888888889;-0.004913194444444445;20.53704701086453;21.062459415452516;6.669296898724591;7.194709303312572;-32.67499245413872;-32.12979786358903
layer: 136;0.5964912280701754;0.443363446838082;0.8117977528089888;0.8960674157303371;0.9101123595505618;2.146067415730337;0.425;0.28482142857142856;0.8117977528089888;0.8960674157303371;0.7938931297709924;0.5139949109414759;0.7971991701244814;0.5845435684647303;0.425;0.28482142857142856;0.20610687022900764;0.4860050890585242;0.18820224719101122;0.10393258426966293;0.20280082987551867;0.41545643153526973;0.7219101123595506;2.042134831460674;0.133298755186722;0.3770746887966805;0.7219101123595506;2.042134831460674;0.004461805555555556;0.012621527777777778;21.682457260273452;18.567899673389746;6.929302721709451;3.814745134825743;-31.243767511680307;-33.85589445704122
layer: 137;0.6689536878216124;0.7014218009478673;0.8227848101265823;0.6244725738396625;0.6371308016877637;0.15611814345991562;0.5025773195876289;0.5401459854014599;0.8227848101265823;0.6244725738396625;0.872681281618887;0.9688026981450253;0.8643710470836261;0.9114546732255797;0.5025773195876289;0.5401459854014599;0.12731871838111297;0.031197301854974706;0.17721518987341772;0.3755274261603376;0.13562895291637386;0.08854532677442024;0.459915611814346;0.21940928270042195;0.07659873506676036;-0.036542515811665496;0.459915611814346;0.21940928270042195;0.0018923611111111112;-0.0009027777777777777;24.748651744154383;26.60051938305649;8.676475910765106;10.528343549667214;-28.07898262813111;-26.1450375628467
layer: 138;0.6825775656324582;0.6029723991507431;0.9166666666666666;0.9102564102564102;0.7692307692307693;1.108974358974359;0.5181159420289855;0.4316109422492401;0.9166666666666666;0.9102564102564102;0.8523985239852399;0.7872078720787208;0.8627450980392157;0.8070175438596491;0.5181159420289855;0.4316109422492401;0.14760147601476015;0.21279212792127922;0.08333333333333333;0.08974358974358974;0.13725490196078433;0.19298245614035087;0.6858974358974359;1.0192307692307692;0.11042311661506708;0.16408668730650156;0.6858974358974359;1.0192307692307692;0.001857638888888889;0.0027604166666666667;26.365708424561262;24.885808768867133;8.624721360836794;7.144821705142665;-26.696428696315294;-28.17589944378105
layer: 139;0.6227544910179641;0.7358490566037735;0.9811320754716981;0.7358490566037735;1.169811320754717;0.2641509433962264;0.45217391304347826;0.582089552238806;0.9811320754716981;0.7358490566037735;0.6982968369829684;0.9318734793187348;0.7562862669245648;0.8916827852998066;0.45217391304347826;0.582089552238806;0.30170316301703165;0.0681265206812652;0.018867924528301886;0.2641509433962264;0.2437137330754352;0.10831721470019343;1.150943396226415;0.0;0.23597678916827852;0.0;1.150943396226415;0.0;0.0021180555555555558;0.0;26.60051938305649;30.122344564170117;6.131199979763796;9.653025160877421;-26.805489180486347;-23.87973110724895
layer: 140;0.38974358974358975;0.3111111111111111;1.0;0.18421052631578946;3.1315789473684212;0.0;0.24203821656050956;0.18421052631578946;1.0;0.18421052631578946;0.3567567567567568;1.0;0.4663677130044843;0.8609865470852018;0.24203821656050956;0.18421052631578946;0.6432432432432432;0.0;0.0;0.8157894736842105;0.5336322869955157;0.13901345291479822;3.1315789473684212;0.8157894736842105;0.5336322869955157;-0.13901345291479822;3.1315789473684212;0.8157894736842105;0.002065972222222222;-0.0005381944444444444;26.848755220306813;32.69060789588939;2.727579016556299;8.56943169213888;-27.11227328479393;-22.17859315757194
